-- Insert news categories
INSERT INTO news_categories (name, color) VALUES
('Наука', 'blue'),
('Студенти', 'green'),
('Обладнання', 'purple'),
('Події', 'orange'),
('Партнерство', 'red'),
('Освіта', 'indigo'),
('Стартапи', 'pink'),
('Міжнародне', 'teal')
ON CONFLICT (name) DO NOTHING;

-- Insert sample news
INSERT INTO news (title, excerpt, content, date, author, category, image_url, is_featured) VALUES
('Кафедра КІТ отримала грант на дослідження штучного інтелекту', 
 'Наша кафедра успішно отримала державний грант у розмірі 2 млн грн на проведення досліджень в галузі штучного інтелекту та машинного навчання.',
 'Кафедра комп''ютерних інформаційних технологій успішно отримала державний грант у розмірі 2 млн грн на проведення досліджень в галузі штучного інтелекту та машинного навчання. Дослідження будуть спрямовані на розробку нових алгоритмів глибокого навчання для обробки природної мови та комп''ютерного зору.',
 '2024-12-10', 'Проф. Іванов І.І.', 'Наука', '/placeholder.svg?height=400&width=600', true),

('Студенти кафедри перемогли в міжнародному хакатоні',
 'Команда студентів нашої кафедри зайняла перше місце в міжнародному хакатоні з розробки мобільних додатків.',
 'Команда студентів нашої кафедри під керівництвом доцента Петрової О.В. зайняла перше місце в міжнародному хакатоні TechChallenge 2024. Їх проект присвячений створенню мобільного додатку для допомоги людям з особливими потребами у навігації містом.',
 '2024-12-08', 'Доц. Петрова О.В.', 'Студенти', '/placeholder.svg?height=400&width=600', true),

('Нова лабораторія віртуальної реальності',
 'На кафедрі відкрито сучасну лабораторію віртуальної та доповненої реальності, обладнану найновішим обладнанням.',
 'На кафедрі відкрито сучасну лабораторію віртуальної та доповненої реальності, обладнану найновішим обладнанням від провідних світових виробників. Лабораторія включає VR-шоломи, системи трекінгу рухів та потужні робочі станції для розробки VR/AR додатків.',
 '2024-12-05', 'Зав. каф. Сидоров В.П.', 'Обладнання', '/placeholder.svg?height=400&width=600', true),

('Конференція "Майбутнє IT-освіти"',
 'Кафедра організовує міжнародну конференцію, присвячену інноваціям в IT-освіті. Участь візьмуть експерти з 15 країн.',
 'Кафедра організовує міжнародну конференцію "Майбутнє IT-освіти", яка відбудеться 15-16 березня 2025 року. Участь візьмуть експерти з 15 країн світу, включаючи представників провідних технологічних компаній та університетів.',
 '2024-12-03', 'Проф. Коваленко А.М.', 'Події', '/placeholder.svg?height=400&width=600', true),

('Партнерство з провідними IT-компаніями',
 'Підписано угоди про співпрацю з 5 провідними IT-компаніями України для забезпечення практики студентів.',
 'Підписано угоди про співпрацю з такими компаніями як EPAM, SoftServe, GlobalLogic, Luxoft та Ciklum. Угоди передбачають організацію практики для студентів, стажування випускників та спільні освітні проекти.',
 '2024-12-01', 'Доц. Мельник Т.С.', 'Партнерство', '/placeholder.svg?height=400&width=600', true),

('Запуск онлайн-курсів з Data Science',
 'Кафедра запускає серію безкоштовних онлайн-курсів з аналізу даних та машинного навчання для широкої аудиторії.',
 'Кафедра запускає серію безкоштовних онлайн-курсів з аналізу даних та машинного навчання. Курси включають основи Python, статистику, машинне навчання та роботу з великими даними.',
 '2024-11-28', 'Ст. викл. Бондаренко Л.К.', 'Освіта', '/placeholder.svg?height=400&width=600', false),

('Студентський стартап отримав інвестиції',
 'Стартап, створений студентами кафедри, залучив 500 тис. доларів інвестицій для розвитку AI-платформи.',
 'Стартап SmartFlow, створений студентами 4 курсу, успішно залучив 500 тисяч доларів інвестицій від українського венчурного фонду. Платформа використовує штучний інтелект для автоматизації бізнес-процесів.',
 '2024-11-25', 'Проф. Іванов І.І.', 'Стартапи', '/placeholder.svg?height=400&width=600', false),

('Міжнародний обмін студентами',
 'Розпочато програму міжнародного обміну студентами з університетами Польщі, Німеччини та Канади.',
 'Розпочато програму міжнародного обміну студентами в рамках програми Erasmus+. Перші 10 студентів вже відправились на семестрове навчання до університетів-партнерів.',
 '2024-11-22', 'Доц. Шевченко М.О.', 'Міжнародне', '/placeholder.svg?height=400&width=600', false),

('Оновлення навчальних програм',
 'Навчальні програми кафедри оновлено відповідно до найсучасніших тенденцій в IT-індустрії.',
 'Навчальні програми всіх спеціальностей кафедри оновлено з урахуванням сучасних тенденцій в IT. Додано курси з DevOps, хмарних технологій, кібербезпеки та блокчейн.',
 '2024-11-20', 'Зав. каф. Сидоров В.П.', 'Освіта', '/placeholder.svg?height=400&width=600', false),

('День відкритих дверей кафедри',
 'Запрошуємо абітурієнтів та їх батьків на День відкритих дверей кафедри КІТ. Дізнайтеся про можливості навчання.',
 'День відкритих дверей відбудеться 20 січня 2025 року о 10:00. Програма включає презентацію спеціальностей, екскурсію лабораторіями та зустріч з викладачами і студентами.',
 '2024-11-18', 'Проф. Коваленко А.М.', 'Події', '/placeholder.svg?height=400&width=600', false);

-- Insert gallery items
INSERT INTO gallery (title, description, image_url, alt_text, category) VALUES
('Комп''ютерна лабораторія', 'Сучасна комп''ютерна лабораторія з новітнім обладнанням', '/placeholder.svg?height=400&width=600', 'Комп''ютерна лабораторія', 'Лабораторії'),
('Лекційна аудиторія', 'Просторі аудиторії для проведення лекцій та семінарів', '/placeholder.svg?height=400&width=600', 'Лекційна аудиторія', 'Аудиторії'),
('VR лабораторія', 'Лабораторія віртуальної та доповненої реальності', '/placeholder.svg?height=400&width=600', 'VR лабораторія', 'Лабораторії'),
('Студентські проекти', 'Презентація студентських проектів', '/placeholder.svg?height=400&width=600', 'Студентські проекти', 'Події'),
('Конференц-зал', 'Зал для проведення конференцій та заходів', '/placeholder.svg?height=400&width=600', 'Конференц-зал', 'Аудиторії'),
('Робоче місце', 'Індивідуальні робочі місця для студентів', '/placeholder.svg?height=400&width=600', 'Робоче місце', 'Лабораторії'),
('Серверна кімната', 'Серверне обладнання кафедри', '/placeholder.svg?height=400&width=600', 'Серверна кімната', 'Обладнання'),
('Випускники', 'Урочиста церемонія випуску', '/placeholder.svg?height=400&width=600', 'Випускники', 'Події'),
('Хакатон', 'Студентський хакатон на кафедрі', '/placeholder.svg?height=400&width=600', 'Хакатон', 'Події');

-- Insert contacts
INSERT INTO contacts (name, position, email, phone, office, is_leadership, order_index) VALUES
('Сидоров Володимир Петрович', 'Завідувач кафедри', 'sidorov@university.edu.ua', '+380 (44) 123-45-67', '301', true, 1),
('Іванов Іван Іванович', 'Заступник завідувача кафедри', 'ivanov@university.edu.ua', '+380 (44) 123-45-68', '302', true, 2),
('Петрова Олена Василівна', 'Секретар кафедри', 'petrova@university.edu.ua', '+380 (44) 123-45-69', '303', true, 3),
('Коваленко Андрій Михайлович', 'Професор', 'kovalenko@university.edu.ua', '+380 (44) 123-45-70', '304', false, 4),
('Мельник Тетяна Сергіївна', 'Доцент', 'melnyk@university.edu.ua', '+380 (44) 123-45-71', '305', false, 5),
('Шевченко Микола Олександрович', 'Доцент', 'shevchenko@university.edu.ua', '+380 (44) 123-45-72', '306', false, 6),
('Бондаренко Людмила Костянтинівна', 'Старший викладач', 'bondarenko@university.edu.ua', '+380 (44) 123-45-73', '307', false, 7);
